time_seconds,left_x,left_y,right_x,right_y
0.0,nan,nan,nan,nan
0.016656,nan,nan,nan,nan
0.046858,nan,nan,nan,nan
0.063513,nan,nan,nan,nan
0.097554,nan,nan,nan,nan
0.11419,0.08329442143440247,0.4113844037055969,0.0589306578040123,0.34678915143013
0.130824,0.07382138818502426,0.39497506618499756,0.07509230077266693,0.3178638219833374
0.147464,0.06367117911577225,0.41781094670295715,0.05752839148044586,0.3264003098011017
0.164117,0.048568036407232285,0.42038485407829285,0.03381473943591118,0.33577001094818115
0.18077,0.04211021214723587,0.40234196186065674,0.019930502399802208,0.32501059770584106
0.197422,0.035879503935575485,0.4000929296016693,0.018291395157575607,0.3200486898422241
0.214068,0.03356305882334709,0.4102179706096649,0.013999925926327705,0.3209197223186493
0.230712,0.03424123674631119,0.4093163013458252,0.010811613872647285,0.3272725045681
0.247355,0.03351549804210663,0.413026362657547,0.012920849025249481,0.34269705414772034
0.264006,0.03522692993283272,0.41766250133514404,0.014311306178569794,0.34250757098197937
0.280658,0.03836314007639885,0.41230928897857666,0.02028655633330345,0.3217116594314575
0.297309,0.05026639997959137,0.43793413043022156,0.05393320322036743,0.47962531447410583
0.313961,nan,nan,0.2854555547237396,1.1416906118392944
0.330607,nan,nan,nan,nan
0.347251,nan,nan,nan,nan
0.363897,nan,nan,nan,nan
0.380548,nan,nan,nan,nan
0.397199,nan,nan,nan,nan
0.413855,nan,nan,nan,nan
0.430533,nan,nan,nan,nan
0.447213,nan,nan,nan,nan
0.463888,0.16570107638835907,0.8490220308303833,nan,nan
0.480542,0.16570107638835907,0.8490220308303833,0.005695323459804058,0.34093552827835083
0.497196,0.11098676919937134,0.535932719707489,0.005695323459804058,0.34093552827835083
0.513849,0.09693122655153275,0.5329194664955139,0.04960830509662628,0.3823002874851227
0.530511,0.09952586144208908,0.46898019313812256,0.04960830509662628,0.3823002874851227
0.547182,0.10282843559980392,0.42908531427383423,nan,nan
0.563852,0.09317684918642044,0.4597903788089752,nan,nan
0.580516,0.09554391354322433,0.4479556977748871,0.07954295724630356,0.3197367191314697
0.597171,0.10332844406366348,0.42284509539604187,0.11356646567583084,0.35391858220100403
0.613825,0.11488699167966843,0.41447713971138,0.15032093226909637,0.3908441364765167
0.630481,0.12010008841753006,0.3949870765209198,0.14703765511512756,0.35746151208877563
0.64713,0.1246306300163269,0.3798511028289795,0.12354705482721329,0.36016395688056946
0.66378,0.12837770581245422,0.3719085454940796,0.12451011687517166,0.3520330786705017
0.680428,0.13565006852149963,0.3744496703147888,0.1311049908399582,0.3397827744483948
0.697083,0.13544361293315887,0.36734482645988464,0.1305827796459198,0.32319822907447815
0.713737,0.13098810613155365,0.3608359098434448,0.121869295835495,0.3094058036804199
0.730391,0.13402310013771057,0.36094599962234497,0.1245245486497879,0.3027035892009735
0.747046,0.13690990209579468,0.362332284450531,0.1272391825914383,0.3031238615512848
0.763704,0.1388571858406067,0.3635692894458771,0.12871287763118744,0.29786038398742676
0.78036,0.1388111412525177,0.36750084161758423,0.13584963977336884,0.29276418685913086
0.797017,0.17647719383239746,0.35312867164611816,0.18133504688739777,0.2990315556526184
0.813672,0.21650338172912598,0.3431573808193207,0.2220550775527954,0.3019169270992279
0.830326,0.22911542654037476,0.3438403010368347,0.2292594313621521,0.29836180806159973
0.846981,0.22788755595684052,0.3571416437625885,0.23250193893909454,0.3064303398132324
0.863633,0.22702556848526,0.36156049370765686,0.23383410274982452,0.31619325280189514
0.880284,0.22526344656944275,0.36531469225883484,0.23712261021137238,0.3453020453453064
0.896935,0.2268047332763672,0.3712373375892639,0.23768307268619537,0.34463363885879517
0.913586,0.22600892186164856,0.36745399236679077,0.23667286336421967,0.3322131633758545
0.930237,0.22228357195854187,0.3702145516872406,0.24109800159931183,0.3442580997943878
0.946886,0.2223469465970993,0.37020137906074524,0.24522997438907623,0.346426397562027
0.96354,0.22444532811641693,0.37383705377578735,0.24593158066272736,0.35178881883621216
0.980194,0.22351683676242828,0.3726429343223572,0.24639847874641418,0.3612629771232605
0.996848,0.21085971593856812,0.37375324964523315,0.22953419387340546,0.3668490946292877
1.013502,0.20573510229587555,0.3812413513660431,0.223723903298378,0.37100815773010254
1.030157,0.2072422206401825,0.38581061363220215,0.22512759268283844,0.3795335590839386
1.04681,0.21040503680706024,0.38760092854499817,0.22082917392253876,0.394266813993454
1.063465,0.20989631116390228,0.3885267972946167,0.21776360273361206,0.389453649520874
1.080119,0.2114320695400238,0.39234989881515503,0.2156694233417511,0.37169545888900757
1.096777,0.20745663344860077,0.39022529125213623,0.22047461569309235,0.38251712918281555
1.113436,0.20352239906787872,0.3822779953479767,0.2205786108970642,0.39443328976631165
1.130096,0.203211709856987,0.3802427649497986,0.20028428733348846,0.43013620376586914
1.146755,0.20457015931606293,0.38170433044433594,0.20588494837284088,0.3941860795021057
1.163415,0.2489214688539505,0.36880213022232056,0.27727043628692627,0.3704019784927368
1.180076,0.2959837317466736,0.36492475867271423,0.3258407711982727,0.3905056416988373
1.196735,0.3071204423904419,0.37030115723609924,0.31959885358810425,0.37904900312423706
1.213395,0.30110421776771545,0.3662446439266205,0.31749874353408813,0.37302109599113464
1.230056,0.2960220277309418,0.36750170588493347,0.31817302107810974,0.3854171633720398
1.246717,0.2976430356502533,0.36853262782096863,0.31776902079582214,0.383851021528244
1.263377,0.2973209619522095,0.3686210513114929,0.31785690784454346,0.3827785551548004
1.280039,0.296047568321228,0.36813244223594666,0.3188229203224182,0.38840627670288086
1.296695,0.2997491657733917,0.3739011287689209,0.3190107047557831,0.39114102721214294
1.313349,0.3033978343009949,0.376124769449234,0.3161338269710541,0.3924379348754883
1.330005,0.3019605875015259,0.3762888014316559,0.3110162913799286,0.44347602128982544
1.346661,0.29014813899993896,0.3758566081523895,0.30681800842285156,0.46407845616340637
1.363315,0.28325411677360535,0.37756022810935974,0.30681800842285156,0.46407845616340637
1.379971,0.2831796109676361,0.3834933638572693,0.2899157702922821,0.4185832440853119
1.396627,0.28105947375297546,0.37884417176246643,0.29697948694229126,0.38475048542022705
1.413282,0.2798333764076233,0.37482842803001404,0.2995578646659851,0.36917731165885925
1.429937,0.2761991620063782,0.37875106930732727,0.2957012951374054,0.36082977056503296
1.446593,0.2741226553916931,0.3804885149002075,0.2890211343765259,0.37989094853401184
1.463249,0.2782742381095886,0.3783336877822876,0.29297706484794617,0.3885090947151184
1.479903,0.27889445424079895,0.3784312605857849,0.29840224981307983,0.39045825600624084
1.496559,0.2793895900249481,0.38305240869522095,0.29312077164649963,0.43055862188339233
1.513215,0.2799021601676941,0.37922248244285583,0.2802659869194031,0.42099398374557495
1.529868,0.27868959307670593,0.3816738426685333,0.2802659869194031,0.42099398374557495
1.546522,0.27717217803001404,0.38975879549980164,0.2709953188896179,0.411105215549469
1.563177,0.273872971534729,0.38318753242492676,0.2813674211502075,0.3728618323802948
1.579829,0.2787996232509613,0.3848940432071686,0.2833470404148102,0.3810909390449524
1.596484,0.28007152676582336,0.38473957777023315,0.28197675943374634,0.38189104199409485
1.613138,0.2745853364467621,0.3859337568283081,0.28222790360450745,0.37463510036468506
1.629791,0.27605676651000977,0.38589590787887573,0.28283315896987915,0.3730654716491699
1.646445,0.27886006236076355,0.3776956796646118,0.27462321519851685,0.36600175499916077
1.663099,0.27939096093177795,0.378227174282074,0.27370837330818176,0.3665603697299957
1.679752,0.27709531784057617,0.37809473276138306,0.2760978639125824,0.36585748195648193
1.696406,0.27176421880722046,0.38152793049812317,0.2753198742866516,0.3694290518760681
1.71306,0.27290406823158264,0.38599497079849243,0.2745540142059326,0.37632882595062256
1.729714,0.2748749256134033,0.3841366767883301,0.2753294110298157,0.37676045298576355
1.746367,0.2804979681968689,0.3863998055458069,0.276578813791275,0.3758186399936676
1.763021,0.28194063901901245,0.38761478662490845,0.27687540650367737,0.37553006410598755
1.779675,0.2732742130756378,0.38120540976524353,0.282431960105896,0.3770987093448639
1.796328,0.2726457715034485,0.3824463486671448,0.282091349363327,0.37284958362579346
1.812981,0.2766411304473877,0.3827084004878998,0.2786368727684021,0.3649519681930542
1.829635,0.292783260345459,0.3805834949016571,0.2998622953891754,0.3640863001346588
1.846288,0.30865412950515747,0.3710334599018097,0.3231379985809326,0.3811078667640686
1.862941,0.31218773126602173,0.36616045236587524,0.32621800899505615,0.3828216791152954
1.879595,0.31536948680877686,0.37331444025039673,0.3195827007293701,0.3621844947338104
1.896248,0.31737902760505676,0.37676289677619934,0.31731116771698,0.3610207438468933
1.912901,0.3174201250076294,0.37726810574531555,0.32202577590942383,0.3708666265010834
1.929556,0.3173787295818329,0.37808623909950256,0.32004982233047485,0.3691701889038086
1.946211,0.3178274631500244,0.3774295151233673,0.3185521364212036,0.36190885305404663
1.962866,0.31561005115509033,0.37795135378837585,0.32007792592048645,0.3634205162525177
1.979521,0.32019495964050293,0.38175252079963684,0.3277601897716522,0.37708356976509094
1.996177,0.3229229748249054,0.3809913694858551,0.32770103216171265,0.37880590558052063
2.012831,0.31624463200569153,0.3771214187145233,0.33077168464660645,0.38770022988319397
2.029486,0.2590973973274231,0.38763076066970825,0.2831840515136719,0.3976682424545288
2.046142,0.20572814345359802,0.39526474475860596,0.24298202991485596,0.36440297961235046
2.062796,0.08719390630722046,0.4639751613140106,0.10769306868314743,0.4131081700325012
2.079451,0.09704774618148804,0.46460142731666565,0.09519832581281662,0.43022263050079346
2.096107,0.09956423193216324,0.46344229578971863,0.09147904068231583,0.4281087815761566
2.112761,0.09700533002614975,0.46794959902763367,0.08953078091144562,0.43618038296699524
2.129417,0.09308071434497833,0.46749380230903625,0.09121932834386826,0.4381035268306732
2.146072,0.0927860289812088,0.46840617060661316,0.08984658867120743,0.42355382442474365
2.162726,0.09608209133148193,0.47094234824180603,0.09194910526275635,0.4214461147785187
2.179382,0.0965026244521141,0.46992623805999756,0.09716176986694336,0.42805275321006775
2.196037,0.09129729866981506,0.4657178223133087,0.09548145532608032,0.42679712176322937
2.212691,0.0922984704375267,0.46311643719673157,0.09052524715662003,0.43614569306373596
2.229347,0.09563124179840088,0.46317940950393677,0.09034179151058197,0.43273305892944336
2.246002,0.08710629492998123,0.4577805995941162,0.07092277705669403,0.4373584985733032
2.262657,0.02536311000585556,0.5300319194793701,0.03625468537211418,0.4735134243965149
2.279312,0.03311536833643913,0.5476844310760498,0.028027961030602455,0.487349271774292
2.295967,0.03213684260845184,0.548264741897583,0.025224102661013603,0.48357853293418884
2.312622,0.03167308121919632,0.5405049920082092,0.03036922588944435,0.47680315375328064
2.329277,0.027674304321408272,0.5397636890411377,0.030712835490703583,0.4832366704940796
2.345932,0.02938028611242771,0.5412048697471619,0.02903885208070278,0.47918498516082764
2.362587,0.034201886504888535,0.5377035140991211,0.029481546953320503,0.47576963901519775
2.379242,0.03355931490659714,0.5374109148979187,0.02577919326722622,0.48479774594306946
2.395897,0.02882751263678074,0.537653386592865,0.02563408762216568,0.47978663444519043
2.41255,0.027351999655365944,0.534254252910614,0.02720058709383011,0.4846195876598358
2.429203,0.029492761939764023,0.5365893244743347,0.025605112314224243,0.4893819987773895
2.445856,0.030310027301311493,0.5367849469184875,0.025985579937696457,0.4881041944026947
2.462509,0.03161010518670082,0.5419203639030457,0.02597496658563614,0.48788824677467346
2.479162,0.028844080865383148,0.5429123640060425,0.026157507672905922,0.4788372218608856
2.495815,0.023086002096533775,0.5438765287399292,0.020699257031083107,0.48273420333862305
2.512468,0.020931122824549675,0.5529662370681763,0.013632116839289665,0.4861500859260559
2.529122,0.02351195551455021,0.5492682456970215,0.01565522514283657,0.49544066190719604
2.545774,0.02483774907886982,0.5452787280082703,0.015084581449627876,0.5001190304756165
2.562427,0.02141968347132206,0.5467825531959534,0.015952089801430702,0.5015340447425842
2.57908,0.02171061746776104,0.5450222492218018,0.01653367094695568,0.4888043999671936
2.595732,0.023171065375208855,0.5452881455421448,0.016227995976805687,0.4833435118198395
2.612385,0.02152012661099434,0.5499383807182312,0.014546706341207027,0.495111882686615
2.629038,0.022955389693379402,0.5466044545173645,0.010754629969596863,0.49414560198783875
2.64569,0.025687191635370255,0.548693060874939,0.009525065310299397,0.4924995005130768
2.662343,0.053674716502428055,0.5381714105606079,0.052754100412130356,0.48062196373939514
2.678996,0.06961987167596817,0.5094022154808044,0.10760008543729782,0.4530264139175415
2.695648,0.35684216022491455,0.4164540469646454,0.39897313714027405,0.45936933159828186
2.712301,0.3559456169605255,0.4270390272140503,0.3868948221206665,0.46251949667930603
2.728953,0.3561856746673584,0.42446768283843994,0.3724553883075714,0.46628543734550476
2.745605,0.355235755443573,0.41650956869125366,0.3642279803752899,0.48861584067344666
2.762258,0.35840335488319397,0.41787585616111755,0.3737078607082367,0.45583587884902954
2.77891,0.3631710410118103,0.4270828068256378,0.37504833936691284,0.44835224747657776
2.795563,0.3634988069534302,0.42953255772590637,0.3768007159233093,0.44735363125801086
2.812215,0.36429110169410706,0.42479923367500305,0.37757447361946106,0.4476165473461151
2.828867,0.3624194860458374,0.4262102246284485,0.3755232095718384,0.4440939724445343
2.84552,0.36380064487457275,0.4256609082221985,0.3743630051612854,0.44402816891670227
2.862172,0.3657243847846985,0.426278680562973,0.3738938868045807,0.4417838752269745
2.878824,0.36546534299850464,0.43479984998703003,0.3841036260128021,0.45566385984420776
2.895476,0.36553755402565,0.43571579456329346,0.38481250405311584,0.4595520496368408
2.912128,0.3661063313484192,0.4341956079006195,0.3802999258041382,0.4484887719154358
2.92878,0.3681368827819824,0.4355464577674866,0.3804098665714264,0.44576555490493774
2.945432,0.3644852936267853,0.4323614835739136,0.3751313090324402,0.4432903826236725
2.962084,0.34604811668395996,0.44000980257987976,0.3609832525253296,0.440877765417099
2.978736,0.3393000066280365,0.44272544980049133,0.3510936498641968,0.4488738477230072
2.995388,0.34351447224617004,0.4464009702205658,0.3515232801437378,0.447099894285202
3.012039,0.3424978256225586,0.4412901997566223,0.3524174988269806,0.4454271197319031
3.028692,0.34225091338157654,0.4353407919406891,0.35303112864494324,0.446209192276001
3.045343,0.33931633830070496,0.43830081820487976,0.35457664728164673,0.4460178017616272
3.061996,0.33639881014823914,0.4330911636352539,0.35431671142578125,0.45356762409210205
3.078646,0.3454556465148926,0.4403039216995239,0.3560217320919037,0.4520791172981262
3.095299,0.3493949770927429,0.448544979095459,0.35698288679122925,0.4504747986793518
3.11195,0.34389811754226685,0.44810083508491516,0.3459666073322296,0.4438881576061249
3.128602,0.35115376114845276,0.4528997540473938,0.355301171541214,0.4486090838909149
3.145253,0.41472432017326355,0.45838218927383423,0.4250984191894531,0.46181920170783997
3.161906,0.49036383628845215,0.4705343246459961,0.5004648566246033,0.49174532294273376
3.178556,0.5042599439620972,0.48228389024734497,0.5108875036239624,0.5014515519142151
3.195208,0.5000908374786377,0.4806789457798004,0.505540668964386,0.49937498569488525
3.211862,0.49938222765922546,0.47753995656967163,0.5011962056159973,0.49924635887145996
3.228516,0.49876952171325684,0.4827134311199188,0.5012751817703247,0.49568086862564087
3.24517,0.4979972243309021,0.48418867588043213,0.5021637082099915,0.49245381355285645
3.261825,0.49879491329193115,0.48442745208740234,0.5019509792327881,0.4913941025733948
3.278478,0.4997411072254181,0.48072364926338196,0.5013633966445923,0.48974916338920593
3.295133,0.5003325343132019,0.4806172549724579,0.5014960169792175,0.49058711528778076
3.311787,0.5006723403930664,0.4824277460575104,0.502595841884613,0.4952908754348755
3.328442,0.5030151605606079,0.4799957871437073,0.5064520239830017,0.4956737160682678
3.345095,0.5278925895690918,0.45712777972221375,0.5316982865333557,0.4809117913246155
3.36175,0.5564718246459961,0.44430139660835266,0.557998538017273,0.4645950496196747
3.378405,0.5607308149337769,0.44744420051574707,0.5605283975601196,0.4686034023761749
3.395058,0.5595393180847168,0.45162340998649597,0.5569831728935242,0.4646073877811432
3.411713,0.5586081147193909,0.4491313695907593,0.5551747679710388,0.4592549502849579
3.428367,0.5556632876396179,0.450219988822937,0.5527311563491821,0.4564150273799896
3.445021,0.5558882355690002,0.4538353681564331,0.5505380630493164,0.45778727531433105
3.461675,0.5565177202224731,0.45400601625442505,0.5517702698707581,0.4626848101615906
3.47833,0.5561704039573669,0.4532497525215149,0.5543910264968872,0.46852704882621765
3.494983,0.5569500923156738,0.44806718826293945,0.5552879571914673,0.46682414412498474
3.511638,0.5602076649665833,0.44959890842437744,0.5549528002738953,0.4599801301956177
3.528292,0.5459142327308655,0.44869789481163025,0.5408763885498047,0.4519543945789337
3.544946,0.5229831337928772,0.45499444007873535,0.5249595642089844,0.45778825879096985
3.5616,0.5174239873886108,0.45612818002700806,0.5204830765724182,0.46388760209083557
3.578255,0.5200377702713013,0.4527854323387146,0.5200774669647217,0.45683208107948303
3.594909,0.5211697220802307,0.4526132345199585,0.5192968249320984,0.45408371090888977
3.611563,0.5213478803634644,0.46067535877227783,0.5201533436775208,0.45911553502082825
3.628217,0.5246641635894775,0.46296611428260803,0.5212187170982361,0.4527667164802551
3.644872,0.5242795944213867,0.45684006810188293,0.5207114815711975,0.4509134292602539
3.661525,0.5206828713417053,0.449624627828598,0.5201584696769714,0.45520296692848206
3.67818,0.5204788446426392,0.4509182870388031,0.5183700323104858,0.4460434019565582
3.694834,0.521902859210968,0.45224037766456604,0.5194410085678101,0.44499602913856506
3.711488,0.5228332877159119,0.45488443970680237,0.5205130577087402,0.45319664478302
3.728142,0.524371325969696,0.455855131149292,0.5195250511169434,0.45539379119873047
3.744797,0.5278398394584656,0.4524933695793152,0.5184530019760132,0.45349839329719543
3.76145,0.5423725247383118,0.4540829658508301,0.5326731204986572,0.4577256441116333
3.778105,0.5494678616523743,0.4521960914134979,0.5442290902137756,0.4625580608844757
3.794759,0.5489128828048706,0.4545283019542694,0.5434823632240295,0.46595269441604614
3.811413,0.5497233867645264,0.44845595955848694,0.542689859867096,0.45891666412353516
3.828067,0.5480786561965942,0.4510992169380188,0.5463986396789551,0.4511799216270447
3.844722,0.5493842363357544,0.4514843821525574,0.5465019345283508,0.45288729667663574
3.861376,0.5503629446029663,0.4494357407093048,0.5424314141273499,0.4571816623210907
3.87803,0.5507925152778625,0.4471510052680969,0.5425246357917786,0.4586400091648102
3.894684,0.5498647093772888,0.44995325803756714,0.5429568290710449,0.4597960114479065
3.911339,0.5480481386184692,0.44923388957977295,0.5405990481376648,0.45698806643486023
3.927992,0.5504847168922424,0.44589748978614807,0.5404742360115051,0.45193085074424744
3.944647,0.552627682685852,0.458788126707077,0.5423032641410828,0.45148223638534546
3.961301,0.5525730848312378,0.4570385813713074,0.5393150448799133,0.44880226254463196
3.977955,0.550244152545929,0.4661078155040741,0.5349351167678833,0.4485757052898407
3.994609,0.537456214427948,0.46587976813316345,0.525189995765686,0.4471598267555237
4.011264,0.5238592624664307,0.45371782779693604,0.5207628011703491,0.4460124373435974
4.027917,0.5244221687316895,0.45329058170318604,0.519898533821106,0.45305126905441284
4.044572,0.5265368819236755,0.4518955647945404,0.5183128714561462,0.44478920102119446
4.061226,0.527721643447876,0.4531418979167938,0.5188682675361633,0.4377192556858063
4.07788,0.5270794034004211,0.4517700970172882,0.5200549960136414,0.4493923783302307
4.094536,0.5249683260917664,0.4552573263645172,0.5227221250534058,0.452516108751297
4.11119,0.5248603820800781,0.455920934677124,0.5234683752059937,0.445330947637558
4.127846,0.5265225768089294,0.47793087363243103,0.5245404839515686,0.4687754213809967
4.1445,0.5250674486160278,0.5082975029945374,nan,nan
4.161155,nan,nan,nan,nan
4.17781,nan,nan,nan,nan
4.194464,nan,nan,nan,nan
4.211119,nan,nan,nan,nan
4.227775,nan,nan,nan,nan
4.244428,nan,nan,nan,nan
4.261084,0.47469016909599304,0.875524640083313,nan,nan
4.277739,0.47469016909599304,0.875524640083313,nan,nan
4.294393,0.5726540684700012,0.6329888701438904,nan,nan
4.311048,0.5787620544433594,0.5368183255195618,0.6017327308654785,0.6170722842216492
4.327704,0.5652281045913696,0.481946736574173,0.6017327308654785,0.6170722842216492
4.344357,0.5637460350990295,0.5063865184783936,0.5695076584815979,0.5473875403404236
4.361013,0.5647475123405457,0.5236234664916992,0.560370683670044,0.5423258543014526
4.377668,0.5604599118232727,0.5112372040748596,0.5592480301856995,0.5312060713768005
4.394323,0.560975193977356,0.4866091310977936,0.5659953951835632,0.5256598591804504
4.410977,0.5596135854721069,0.4801904857158661,0.5715056657791138,0.5200601816177368
4.427632,0.5616822242736816,0.4772455394268036,0.5578645467758179,0.49655240774154663
4.444287,0.557201623916626,0.4930422902107239,0.5518607497215271,0.5025743842124939
4.460942,0.551875114440918,0.5329968929290771,0.5541436672210693,0.5299375057220459
4.477597,0.5504416227340698,0.5454147458076477,0.5525954961776733,0.5549104809761047
4.494252,0.5515972971916199,0.5482549667358398,0.5512041449546814,0.5619821548461914
4.510906,0.5540226101875305,0.5533018708229065,0.554348886013031,0.5699999332427979
4.527562,0.5513379573822021,0.5511429309844971,0.5563551783561707,0.5711534023284912
4.544216,0.5538575053215027,0.5458747744560242,0.5493981838226318,0.5724461078643799
4.560871,0.5550966262817383,0.5444915294647217,0.5492187142372131,0.5755311846733093
4.577526,0.552374005317688,0.5475546717643738,0.544153094291687,0.5673526525497437
4.594182,0.551375687122345,0.5492362380027771,0.5446386933326721,0.5642329454421997
4.610835,0.5501015782356262,0.5509533286094666,0.5511190891265869,0.5530986785888672
4.627491,0.5499396920204163,0.550382137298584,0.5534408092498779,0.5594845414161682
4.644146,0.5509494543075562,0.5522432327270508,0.5573396682739258,0.5791016221046448
4.660802,0.5496203303337097,0.5713943243026733,0.5518293380737305,0.5965085625648499
4.677456,0.5477126836776733,0.5787959098815918,0.551054835319519,0.6011142730712891
4.694111,0.5498028993606567,0.5768015384674072,0.5508926510810852,0.5940282940864563
4.710766,0.5524678826332092,0.5823610424995422,0.5473869442939758,0.5930657982826233
4.727421,0.5521955490112305,0.5819345116615295,0.5485100746154785,0.5904436707496643
4.744076,0.5527263283729553,0.5824553966522217,0.5468448996543884,0.5835994482040405
4.760731,0.5510914921760559,0.5878227353096008,0.5478992462158203,0.5835225582122803
4.777386,0.550366997718811,0.5907103419303894,0.549217939376831,0.58355712890625
4.794041,0.5516602993011475,0.5874094367027283,0.5531229376792908,0.5921323299407959
4.810697,0.5505319833755493,0.5847571492195129,0.557321310043335,0.6110537052154541
4.82735,0.5514994859695435,0.5865829586982727,0.5538913607597351,0.6149604916572571
4.844006,0.5501959323883057,0.5854320526123047,0.5532600283622742,0.5908864736557007
4.860661,0.5492555499076843,0.589777946472168,0.5583928823471069,0.5985302925109863
4.877316,0.5337278842926025,0.6108434796333313,0.5476734042167664,0.6290280818939209
4.893971,0.5090512037277222,0.655229389667511,0.518828272819519,0.6559877395629883
4.910626,0.5051299929618835,0.6701754331588745,0.5209647417068481,0.666828453540802
4.927282,0.507754385471344,0.6639279127120972,0.5222494602203369,0.6614761352539062
4.943936,0.5092018246650696,0.6630641222000122,0.5174974203109741,0.6575823426246643
4.960591,0.5101200938224792,0.6631442904472351,0.5142125487327576,0.6536068320274353
4.977247,0.5103656053543091,0.6556053757667542,0.5126330852508545,0.6426949501037598
4.993901,0.5097202658653259,0.662411630153656,0.5148085355758667,0.6435330510139465
5.010557,0.5110241770744324,0.668390691280365,0.5136982798576355,0.642423689365387
5.027211,0.508990466594696,0.6693381071090698,0.5109755992889404,0.649620771408081
5.043866,0.5088444948196411,0.6688856482505798,0.5109302401542664,0.6584724187850952
5.060521,0.5104989409446716,0.6646873354911804,0.5191279649734497,0.6659389734268188
5.077177,0.518459141254425,0.6567612886428833,0.5274055600166321,0.6712867021560669
5.093831,0.5336782336235046,0.6543670892715454,0.5437764525413513,0.6711496114730835
5.110487,0.5397585034370422,0.6535516381263733,0.54791259765625,0.669983983039856
5.127142,0.5380789637565613,0.6495062708854675,0.5459585189819336,0.6693335771560669
5.143797,0.5353850722312927,0.6440966725349426,0.5438516139984131,0.6657688021659851
5.160452,0.5377163887023926,0.6479431986808777,0.5439192652702332,0.6829243302345276
5.177107,0.5424702763557434,0.6548833847045898,0.5410814881324768,0.699364423751831
5.193763,0.5408239364624023,0.6518397331237793,0.5393995642662048,0.6703404188156128
5.210417,0.5384654998779297,0.6478167176246643,0.5396934151649475,0.6565179824829102
5.227072,0.5359423160552979,0.6495034694671631,0.5407100319862366,0.6589509844779968
5.243728,0.5398654937744141,0.6491034626960754,0.5461908578872681,0.6723198890686035
5.260382,0.5674604177474976,0.6447016000747681,0.5795708298683167,0.6732147336006165
5.277038,0.5857794880867004,0.6441751718521118,0.5944896936416626,0.6694901585578918
5.293693,0.5867133736610413,0.6459733843803406,0.5968125462532043,0.6675142645835876
5.310348,0.584628164768219,0.6406449675559998,0.5962046384811401,0.6658114790916443
5.327003,0.5864039063453674,0.6351829171180725,0.594925582408905,0.661106526851654
5.343659,0.5819097757339478,0.6378432512283325,0.5925652980804443,0.6680246591567993
5.360313,0.5768807530403137,0.637726366519928,0.5899883508682251,0.6771692633628845
5.376969,0.5794174671173096,0.6380375027656555,0.5937830805778503,0.6789399981498718
5.393624,0.5788291692733765,0.639777421951294,0.5975819826126099,0.6778261661529541
5.410279,0.582581639289856,0.6445930600166321,0.5955550670623779,0.677493691444397
5.426934,0.5851827263832092,0.6462756991386414,0.5949676632881165,0.6794669032096863
5.44359,0.5846430063247681,0.6450150012969971,0.5973883271217346,0.6745863556861877
5.460245,0.5914206504821777,0.6447234153747559,0.6073656678199768,0.6724509000778198
5.4769,0.5993752479553223,0.6486918926239014,0.6049445271492004,0.6688744425773621
5.493555,0.6000312566757202,0.6535441875457764,0.6044844388961792,0.6680847406387329
5.510211,0.6019986271858215,0.6489826440811157,0.6136801242828369,0.6748313903808594
5.526865,0.604922354221344,0.6468155384063721,0.6137695908546448,0.6743524670600891
5.543521,0.6010047793388367,0.6458104848861694,0.6127446293830872,0.6704280972480774
5.560176,0.6033297777175903,0.6442326307296753,0.6132327914237976,0.6700512766838074
5.576831,0.6026777029037476,0.6471890807151794,0.6092274188995361,0.6711439490318298
5.593487,0.5995131134986877,0.6484218835830688,0.6082616448402405,0.6695878505706787
5.610142,0.6004701852798462,0.6407688856124878,0.6090927720069885,0.6688210368156433
5.626796,0.5993871688842773,0.6370700001716614,0.6092383861541748,0.6730692386627197
5.643452,0.5998536944389343,0.6430534720420837,0.6083747148513794,0.680487871170044
5.660108,0.6015339493751526,0.6443074941635132,0.6141359210014343,0.6795884966850281
5.676762,0.5788790583610535,0.650085985660553,0.6066020131111145,0.6702141165733337
5.693416,0.5372232794761658,0.6633400321006775,0.5518561601638794,0.6625488996505737
5.710071,0.5201247930526733,0.662330687046051,0.524986207485199,0.655525267124176
5.726726,0.5183144211769104,0.661307156085968,0.5241960287094116,0.6575394868850708
5.74338,0.5187492370605469,0.6656100749969482,0.5247179269790649,0.6626175045967102
5.760034,0.5210482478141785,0.6679398417472839,0.5280171036720276,0.6642023921012878
5.776689,0.5249876379966736,0.6726436614990234,0.5344656109809875,0.6630446314811707
5.793343,0.5250868797302246,0.6722036004066467,0.534691572189331,0.6701464653015137
5.809998,0.5278054475784302,0.676624059677124,0.53184574842453,0.6871152520179749
5.826652,0.5279357433319092,0.6681922078132629,0.5310492515563965,0.67769455909729
5.843306,0.5231724381446838,0.6661216616630554,0.5323428511619568,0.657880425453186
5.859961,0.5231823325157166,0.6735279560089111,0.5370116829872131,0.6756533980369568
5.876616,0.5257387757301331,0.6824007034301758,0.5372894406318665,0.6935580968856812
5.893269,0.5233191251754761,0.6827099919319153,0.5300709009170532,0.6878020763397217
5.909924,0.5225977897644043,0.6694576740264893,0.5292767286300659,0.6727113127708435
5.926579,0.523859977722168,0.6690320372581482,0.5309985876083374,0.6673142313957214
5.943233,0.5209885239601135,0.6766149997711182,0.5262354612350464,0.6726687550544739
5.959887,0.5203551054000854,0.6748821139335632,0.5242149829864502,0.6749999523162842
5.976542,0.5214851498603821,0.6723902225494385,0.526982307434082,0.6804976463317871
5.993197,0.5223951935768127,0.6774098873138428,0.5244269967079163,0.6757455468177795
6.009851,0.5201061964035034,0.6691046953201294,0.5247634053230286,0.6708561182022095
6.026505,0.5205854773521423,0.6658034324645996,0.5293147563934326,0.6784433126449585
6.04316,0.5440663695335388,0.6673197746276855,0.5513491034507751,0.6744754314422607
6.059814,0.5748497843742371,0.6658139824867249,0.5868967175483704,0.6684913039207458
6.076469,0.5805291533470154,0.6706982851028442,0.581567108631134,0.6709038019180298
6.093123,0.5784829258918762,0.6714005470275879,0.5798754096031189,0.672488272190094
6.109777,0.5795072913169861,0.667970597743988,0.5864771604537964,0.6758109927177429
6.126432,0.5805352330207825,0.6663309931755066,0.5815775394439697,0.677216649055481
6.143087,0.5784377455711365,0.665179967880249,0.5781399011611938,0.6754106879234314
6.15974,0.5786446332931519,0.6652404069900513,0.5864930152893066,0.6823230385780334
6.176395,0.5798714756965637,0.6726555824279785,0.5857499837875366,0.6798340082168579
6.19305,0.579742968082428,0.6746618151664734,0.5848150849342346,0.6803054213523865
6.209704,0.5821439623832703,0.6741393804550171,0.5860751867294312,0.6725273132324219
6.226358,0.580517590045929,0.6719345450401306,0.5850929617881775,0.6768291592597961
6.243013,0.5742042064666748,0.6711208820343018,0.5845314264297485,0.6836916208267212
6.259668,0.573589563369751,0.671932578086853,0.582546591758728,0.673513650894165
6.276322,0.5818283557891846,0.6737979054450989,0.5860350131988525,0.6748480200767517
6.292976,0.5877977013587952,0.6733279228210449,0.5882754921913147,0.6721572279930115
6.309631,0.5825947523117065,0.6692734956741333,0.5844357013702393,0.6676550507545471
6.326285,0.5822572708129883,0.667750895023346,0.5858172178268433,0.6753252744674683
6.34294,0.5842349529266357,0.6704075336456299,0.5862471461296082,0.6757954359054565
6.359594,0.5816493630409241,0.6699776649475098,0.5866156816482544,0.6721292734146118
6.376248,0.586715042591095,0.6690386533737183,0.5891473293304443,0.6750395894050598
6.392903,0.5881937146186829,0.6700029969215393,0.5903423428535461,0.6751523613929749
6.409558,0.5872463583946228,0.6655911207199097,0.5864331126213074,0.6794897317886353
6.426211,0.5884127020835876,0.6651079654693604,0.581902265548706,0.6746894121170044
6.442866,0.583724319934845,0.6645534634590149,0.5885868072509766,0.6819683313369751
6.459521,0.5825754404067993,0.6690838932991028,0.5838795304298401,0.6771774888038635
6.476175,0.572200357913971,0.712503969669342,0.5717368721961975,0.6950977444648743
6.492829,0.5493287444114685,0.8225316405296326,0.5413658618927002,0.8003911375999451
6.509484,0.5434314012527466,0.8784279823303223,0.5403043627738953,0.8330180048942566
6.526139,0.5448785424232483,0.8758772611618042,0.546728789806366,0.8389846682548523
6.542793,0.5447514653205872,0.8767669200897217,0.5364136099815369,0.8350471258163452
6.559447,0.5433139801025391,0.8779298663139343,0.5323625802993774,0.8196693658828735
6.576102,0.5448912382125854,0.8741256594657898,0.5321205854415894,0.8232511878013611
6.592756,0.5467153787612915,0.8749849200248718,0.5287536382675171,0.8291806578636169
6.609411,0.5436453223228455,0.8748474717140198,0.5315691232681274,0.8445450663566589
6.626066,0.5450034737586975,0.8750318288803101,0.5386386513710022,0.8417932987213135
6.642719,0.5436921715736389,0.876288652420044,0.5413171648979187,0.8230049014091492
6.659374,0.5439373850822449,0.8775135278701782,0.5432019829750061,0.8322371244430542
6.676029,0.5411524176597595,0.8724091053009033,0.542688250541687,0.8373366594314575
6.692683,0.5374371409416199,0.8671795129776001,0.5381477475166321,0.8352068662643433
6.709337,0.5381835699081421,0.8716885447502136,0.5513871908187866,0.824263334274292
6.725992,0.5391167402267456,0.8732739686965942,0.552053689956665,0.8411034345626831
6.742646,0.5383352041244507,0.8734396696090698,0.5291379690170288,0.858553946018219
6.759301,0.5403481125831604,0.8122745752334595,0.5395576357841492,0.7933499217033386
6.775955,0.5492235422134399,0.7446587085723877,0.5518518686294556,0.7463406920433044
6.79261,0.5543128848075867,0.7209631204605103,0.5490135550498962,0.7110141515731812
6.809264,0.554432213306427,0.7213172912597656,0.5443553924560547,0.691186785697937
6.825919,0.5518426895141602,0.7201595902442932,0.5459067225456238,0.6893472075462341
6.842573,0.5504782199859619,0.7181487083435059,0.5483947396278381,0.7051004767417908
6.859227,0.5477913022041321,0.7219786047935486,0.5467726588249207,0.7096508741378784
6.875882,0.5463861227035522,0.7228193283081055,0.5436000823974609,0.6967296004295349
6.892537,0.5500693917274475,0.7249963283538818,0.5446555018424988,0.6840881705284119
6.90919,0.549828290939331,0.728424608707428,0.5487619042396545,0.711031973361969
6.925845,0.5518203377723694,0.7255983948707581,0.548543393611908,0.7194410562515259
6.9425,0.5549203157424927,0.72816002368927,0.5474561452865601,0.7088481187820435
6.959154,0.5552760362625122,0.7332381010055542,0.5485263466835022,0.7097195982933044
6.975808,0.5551448464393616,0.7301535606384277,0.5512068271636963,0.7113711833953857
6.992463,0.5549524426460266,0.7243996858596802,0.5487613081932068,0.7052425742149353
7.009117,0.5402093529701233,0.7215653657913208,0.540127158164978,0.7080135941505432
7.025772,0.5232803821563721,0.7124746441841125,0.5161697268486023,0.6948479413986206
7.042426,0.5196874141693115,0.7066655158996582,0.5067892074584961,0.6823655366897583
7.059081,0.518312394618988,0.7145309448242188,0.5154112577438354,0.6697959303855896
7.075735,0.5232104659080505,0.7180981636047363,0.5187546014785767,0.6487072110176086
7.09239,0.5200808048248291,0.7091168761253357,0.5084295272827148,0.6652562022209167
7.109044,0.5182727575302124,0.7105725407600403,0.5186741352081299,0.6892257332801819
7.125698,0.516970157623291,0.7134110331535339,0.5214955806732178,0.6990363001823425
7.142353,0.518552303314209,0.706719160079956,0.5161339044570923,0.6834676861763
7.159008,0.5268738269805908,0.7438009977340698,0.5250976085662842,0.741546630859375
7.175661,0.5380213856697083,0.8247806429862976,0.5333364009857178,0.8061964511871338
7.192316,0.5489220023155212,0.8955531120300293,0.5320504903793335,0.8782165050506592
7.208971,0.5463888645172119,0.8953041434288025,0.5235998630523682,0.868293046951294
7.225625,0.54526686668396,0.895246148109436,0.5218325257301331,0.8587281703948975
7.242279,0.5457503199577332,0.8942625522613525,0.52901291847229,0.8802642226219177
7.258934,0.5461040139198303,0.8912262916564941,0.5273455381393433,0.860792875289917
7.275587,0.5433653593063354,0.8988757729530334,0.5301119089126587,0.8518368601799011
7.292242,0.5419853329658508,0.8975419402122498,0.5374814867973328,0.8717201948165894
7.308896,0.5425683259963989,0.902158260345459,0.5375840663909912,0.8683202266693115
7.325551,0.5427243709564209,0.9033117294311523,0.5390070080757141,0.8624817132949829
7.342205,0.5416045188903809,0.9029923677444458,0.5330451726913452,0.8527317047119141
7.35886,0.5316774845123291,0.9027470946311951,0.5238084197044373,0.843229353427887
7.375514,0.5295690894126892,0.89760822057724,0.5210801362991333,0.8533837795257568
7.392168,0.5285837650299072,0.8983914852142334,0.5142728090286255,0.8500843644142151
7.408822,0.5287526845932007,0.8977481126785278,0.5196831226348877,0.8470706939697266
7.425477,0.5280082821846008,0.8951234817504883,0.5194164514541626,0.8513582944869995
7.44213,0.5272870063781738,0.8967509865760803,0.5191659331321716,0.856075644493103
7.458785,0.5275424122810364,0.8956425786018372,0.5200312733650208,0.8579713106155396
7.47544,0.5262130498886108,0.8924663662910461,0.5145806670188904,0.8488406538963318
7.492094,0.5268980264663696,0.8917731046676636,0.5115048289299011,0.8446112275123596
7.508748,0.5290828943252563,0.8979138135910034,0.5133134722709656,0.8610525727272034
7.525403,0.5320944786071777,0.8964852690696716,0.5274242162704468,0.8692376017570496
7.542056,0.5348846912384033,0.8880325555801392,0.5325704216957092,0.8576517105102539
7.558711,0.5362070798873901,0.8862727284431458,0.5218809247016907,0.8468806147575378
7.575365,0.5367457270622253,0.8884612917900085,0.5349583625793457,0.855643630027771
7.59202,0.5371593236923218,0.8896502256393433,0.5351468324661255,0.8506267666816711
7.608674,0.5353027582168579,0.8841239809989929,0.5351337790489197,0.8485327959060669
7.625329,0.535960853099823,0.885748028755188,0.534972071647644,0.8451387882232666
7.641983,0.5380131006240845,0.8867404460906982,0.5287380218505859,0.8589478135108948
7.658637,0.5382840037345886,0.878035843372345,0.5285624265670776,0.8673734068870544
7.675291,0.5411583781242371,0.8752334117889404,0.5219488739967346,0.848535418510437
7.691946,0.5793037414550781,0.874657392501831,0.5900943875312805,0.8420459032058716
7.708599,0.6113942265510559,0.8743871450424194,0.5926182270050049,0.8410378098487854
7.725254,0.6214478015899658,0.8758186101913452,0.598150372505188,0.8374193906784058
7.741909,0.6214617490768433,0.8761224746704102,0.5981736779212952,0.8379705548286438
7.758563,0.6169058680534363,0.8743253350257874,0.6035671234130859,0.8415938019752502
7.775217,0.6181653738021851,0.8849976658821106,0.6053445935249329,0.8452588319778442
7.791871,0.6182917356491089,0.8788447976112366,0.5956103205680847,0.8378238081932068
7.808525,0.6140287518501282,0.8698257803916931,0.5974844098091125,0.8343995809555054
7.82518,0.6147130727767944,0.870571494102478,0.6088436841964722,0.8416934013366699
7.841834,0.6133338212966919,0.8704543113708496,0.6135913133621216,0.8521880507469177
7.858489,0.6131148338317871,0.8712087273597717,0.6037304997444153,0.838610827922821
7.875143,0.6132698655128479,0.8752779960632324,0.6002770066261292,0.8411776423454285
7.891797,0.6094412803649902,0.8793231844902039,0.5941827893257141,0.8481713533401489
7.908452,0.6088509559631348,0.880444347858429,0.593306839466095,0.8480541706085205
7.925105,0.6088532209396362,0.8782755732536316,0.5910557508468628,0.8441152572631836
7.94176,0.6087285876274109,0.8785340189933777,0.5845702290534973,0.8351450562477112
7.958415,0.6087675094604492,0.8828556537628174,0.5898428559303284,0.8360544443130493
7.975068,0.6085898876190186,0.8810638785362244,0.5946298241615295,0.8650552034378052
7.991723,0.6091726422309875,0.8812565803527832,0.5965635180473328,0.8679520487785339
8.008377,0.6094679832458496,0.876636803150177,0.5953001379966736,0.8524867296218872
8.025031,0.6100816130638123,0.8818604946136475,0.5905653834342957,0.850013017654419
8.041685,0.6110125780105591,0.8780765533447266,0.5921130776405334,0.8427123427391052
8.05834,0.6128824353218079,0.8725675940513611,0.592428982257843,0.840368926525116
8.074994,0.614422619342804,0.874477207660675,0.5902889966964722,0.8403859734535217
8.091649,0.612334132194519,0.8735389113426208,0.5975762009620667,0.8460603952407837
8.108303,0.6109113097190857,0.87274569272995,0.5955379009246826,0.8479210734367371
8.124958,0.6098437905311584,0.8782124519348145,0.5946311950683594,0.8427556157112122
8.141611,0.6107516884803772,0.8774476051330566,0.6003926992416382,0.8370983600616455
8.158266,0.6132251620292664,0.8720892071723938,0.608091413974762,0.8396538496017456
8.17492,0.6124122738838196,0.8756476640701294,0.6001609563827515,0.8696399331092834
8.191574,0.6109256744384766,0.8813830614089966,0.5912917256355286,0.860405445098877
8.208229,0.6084319353103638,0.8783252835273743,0.5879788398742676,0.8487889766693115
8.224883,0.6074528694152832,0.88019859790802,0.5888290405273438,0.8428305983543396
8.241536,0.6070115566253662,0.8791790008544922,0.5918256044387817,0.8413448929786682
8.258191,0.6070355772972107,0.8728845119476318,0.599846363067627,0.832122802734375
8.274846,0.6081886887550354,0.8819729685783386,0.5903468132019043,0.879989743232727
8.2915,0.603773832321167,0.8826366662979126,0.5886860489845276,0.8589273691177368
8.308154,0.5999065637588501,0.8849025964736938,0.5958144068717957,0.8585255742073059
8.324809,0.5971309542655945,0.887848436832428,0.591219425201416,0.8664112687110901
8.341462,0.5993809700012207,0.8910344839096069,0.583683431148529,0.8602550029754639
8.358117,0.6016538143157959,0.8921024799346924,0.5822018384933472,0.850267767906189
8.374771,0.6006457209587097,0.8845933079719543,0.5839791893959045,0.853877604007721
8.391426,0.6012665033340454,0.8840675950050354,0.5862213373184204,0.8552653193473816
8.40808,0.600760281085968,0.8874673247337341,0.5883282423019409,0.8544421792030334
8.424734,0.601698637008667,0.8828244805335999,0.5901440382003784,0.8577344417572021
8.441388,0.5881925225257874,0.8821390271186829,0.585630476474762,0.851764976978302
8.458042,0.5602388381958008,0.8924347758293152,0.5253121852874756,0.8402825593948364
8.474697,0.5546771883964539,0.8971493244171143,0.5360953211784363,0.8507493138313293
8.491351,0.5512008666992188,0.8953731656074524,0.5354562401771545,0.8666480779647827
8.508005,0.5481399893760681,0.8992799520492554,0.5396456718444824,0.8692402839660645
8.52466,0.5467560887336731,0.8996484279632568,0.5416685938835144,0.8649957776069641
8.541314,0.5464634299278259,0.8910640478134155,0.5290476679801941,0.8590545654296875
8.557968,0.5522464513778687,0.8961329460144043,0.5234501957893372,0.8438459038734436
8.574623,0.5554217100143433,0.9046663641929626,0.534308671951294,0.8598146438598633
8.591277,0.5517818331718445,0.9014237523078918,0.5365942120552063,0.8674241900444031
8.60793,0.5529956221580505,0.9024571776390076,0.5297667980194092,0.8603756427764893
8.624585,0.551914632320404,0.9018940329551697,0.529678225517273,0.8598182201385498
8.64124,0.5491006374359131,0.8972351551055908,0.5387478470802307,0.866714596748352
8.657894,0.5489335656166077,0.899189829826355,0.5420586466789246,0.8593442440032959
8.674548,0.5484040379524231,0.8926387429237366,0.5334956645965576,0.8549679517745972
8.691202,0.5503432154655457,0.8915895819664001,0.5284220576286316,0.8522171974182129
8.707857,0.5492014288902283,0.8971480131149292,0.5270710587501526,0.8587667346000671
8.72451,0.5405817627906799,0.8946369290351868,0.5183255076408386,0.8594986796379089
8.741165,0.5307306051254272,0.892460286617279,0.5097066164016724,0.8382954001426697
8.75782,0.529658854007721,0.8947677612304688,0.5127226710319519,0.8443747162818909
8.774473,0.5322827696800232,0.8983185887336731,0.5190230011940002,0.8616570830345154
8.791127,0.5313812494277954,0.8984857797622681,0.5211913585662842,0.8655983209609985
8.807782,0.5310208797454834,0.8979068994522095,0.5180870294570923,0.8663004040718079
8.824436,0.5304334759712219,0.8970006704330444,0.5200738310813904,0.8750239014625549
8.84109,0.530844509601593,0.8971983194351196,0.5144708752632141,0.8746834993362427
8.857745,0.5309718251228333,0.8964554071426392,0.508631706237793,0.8680586814880371
8.874398,0.5302799940109253,0.8959104418754578,0.5168358683586121,0.865081787109375
8.891053,0.5286111235618591,0.8960856795310974,0.5165608525276184,0.8654722571372986
8.907708,0.5273178219795227,0.8903436660766602,0.5148012638092041,0.8730018138885498
8.924362,0.5643078088760376,0.8949819803237915,0.5500483512878418,0.8637978434562683
8.941015,0.5937350392341614,0.8975225687026978,0.5623594522476196,0.8826175928115845
8.95767,0.5963546633720398,0.8956290483474731,0.5665577054023743,0.8834719061851501
8.974325,0.5971398949623108,0.897996723651886,0.5742965340614319,0.8677735924720764
8.990978,0.5936748385429382,0.8955130577087402,0.5733019113540649,0.8709508776664734
9.007633,0.5951829552650452,0.8947660326957703,0.565384030342102,0.8485115170478821
9.024287,0.5956628918647766,0.8947068452835083,0.5718182921409607,0.8502755165100098
9.040941,0.5924571752548218,0.8942095637321472,0.5773784518241882,0.8578356504440308
9.057595,0.5917938351631165,0.8885279893875122,0.577005922794342,0.8601405024528503
9.07425,0.5921617746353149,0.8916008472442627,0.5761678814888,0.8714429140090942
9.090903,0.5926485657691956,0.8915926218032837,0.5755226016044617,0.8726592063903809
9.107558,0.5920859575271606,0.8919032216072083,0.5750119090080261,0.862492561340332
9.124213,0.5913819074630737,0.8935725092887878,0.5765172243118286,0.8617566823959351
9.140866,0.5898419618606567,0.8861693739891052,0.5768558382987976,0.8560644388198853
9.157521,0.5846893787384033,0.8896599411964417,0.5697547197341919,0.8575644493103027
9.174175,0.5833962559700012,0.8930618166923523,0.5703216195106506,0.858633816242218
9.190829,0.5822278261184692,0.8916676640510559,0.57061767578125,0.8533053398132324
9.207483,0.5786999464035034,0.8854327201843262,0.5674994587898254,0.8636420965194702
9.224138,0.5797422528266907,0.8848809003829956,0.5676662921905518,0.8601655960083008
9.240792,0.5780521035194397,0.8894656896591187,0.5665336847305298,0.8604946732521057
9.257446,0.5782755613327026,0.891607940196991,0.5675382018089294,0.8641599416732788
9.2741,0.5801519751548767,0.8969016671180725,0.5710815191268921,0.8582835793495178
9.290755,0.5788389444351196,0.8939573764801025,0.5738847255706787,0.8643698692321777
9.307408,0.5811358094215393,0.8923304677009583,0.5678461194038391,0.857722282409668
9.324062,0.5823665857315063,0.895462155342102,0.568501353263855,0.8622537851333618
9.340717,0.5793777108192444,0.8968458771705627,0.573766827583313,0.887115478515625
9.357371,0.5793019533157349,0.8907713294029236,0.5706098675727844,0.8769789338111877
9.374025,0.578423798084259,0.8855645060539246,0.5709273219108582,0.8619539737701416
9.39068,0.5829818248748779,0.8869688510894775,0.5768653750419617,0.8691180348396301
9.407333,0.5978132486343384,0.8865154385566711,0.5892732739448547,0.8674582242965698
9.423988,0.6147976517677307,0.8832533955574036,0.6003960967063904,0.8598229289054871
9.440642,0.6174732446670532,0.8833112716674805,0.5903089642524719,0.8469659090042114
9.457297,0.6135036945343018,0.8845345973968506,0.5882622003555298,0.8382724523544312
9.47395,0.6157631278038025,0.8898440003395081,0.5920882821083069,0.8572387099266052
9.490605,0.6185100078582764,0.888340950012207,0.5954717993736267,0.8583227396011353
9.50726,0.6190042495727539,0.8917867541313171,0.6024606227874756,0.8628297448158264
9.523913,0.6192029714584351,0.8946855664253235,0.6020283102989197,0.860353946685791
9.540567,0.6178942322731018,0.8877922296524048,0.5950894355773926,0.8657017350196838
9.557222,0.6167333126068115,0.8859038949012756,0.5930958390235901,0.8748719096183777
9.573875,0.6176818013191223,0.8908967971801758,0.602063000202179,0.8503487706184387
9.59053,0.6192975044250488,0.891266405582428,0.6216197609901428,0.8541104793548584
9.607185,0.618224561214447,0.8897514939308167,0.6014690399169922,0.8905394077301025
9.623838,0.6181557178497314,0.8918116688728333,0.5914375185966492,0.8621299862861633
9.640493,0.6177572011947632,0.8893592953681946,0.5858312249183655,0.8462529182434082
9.657147,0.6158412098884583,0.8900705575942993,0.5874853134155273,0.8560118079185486
